<?xml version="1.0" encoding="UTF-8" ?>
<configuration>
    <!--<appender name="sout" class="ch.qos.logback.core.ConsoleAppender">
        <encoder>
            <pattern>%d{MM-dd HH:mm:ss} [%thread] %-5level %logger{36} - %msg%n</pattern>
        </encoder>
    </appender>-->

    <!--<appender name="fileOut" class="ch.qos.logback.core.FileAppender">
        <file>D:/logback.log</file>
        <append>true</append>
        <encoder>
            <pattern>%d{MM-dd HH:mm:ss} [%thread] %-5level %logger{36} - %msg%n</pattern>
        </encoder>
    </appender>-->

  <!--  <property name="LOG_HOME" value="D:/logs"/>

    <appender name="dailyOut" class="ch.qos.logback.core.rolling.RollingFileAppender">
        <rollingPolicy class="ch.qos.logback.core.rolling.TimeBasedRollingPolicy">
            <FileNamePattern>${LOG_HOME}/%d{yyyy-MM-dd}.log</FileNamePattern>
            <MaxHistory>30</MaxHistory>
        </rollingPolicy>
        <filter class="ch.qos.logback.classic.filter.ThresholdFilter">
            <level>info</level>
        </filter>
        <encoder>
            <pattern>%d{MM-dd HH:mm:ss} [%thread] %-5level %logger{36} - %msg%n</pattern>
        </encoder>
    </appender>-->


    <root level="trace">
        <!--<appender-ref ref="dailyOut"/>-->
        <appender-ref ref="sout"/>
    </root>
</configuration>